{
    "categoryId": "cat_helmets_001",
    "categoryName": "Helmets",
    "icon": "",
    "isVisible": true,
    "licensesRequired": [],
    "productIds": [
        "prod_constructionhelmet_yellow_001",
        "prod_constructionhelmet_orange_001",
        "prod_constructionhelmet_red_001",
        "prod_constructionhelmet_blue_001",
        "prod_constructionhelmet_white_001",
        "prod_constructionhelmet_lime_001",
        "prod_skatehelmet_red_001",
        "prod_skatehelmet_blue_001",
        "prod_skatehelmet_gray_001",
        "prod_skatehelmet_black_001",
        "prod_skatehelmet_green_001",
        "prod_hockeyhelmet_red_001",
        "prod_hockeyhelmet_blue_001",
        "prod_hockeyhelmet_white_001",
        "prod_hockeyhelmet_black_001",
        "prod_dirtbikehelmet_mouthguard_001",
        "prod_dirtbikehelmet_visor_001",
        "prod_dirtbikehelmet_red_001",
        "prod_dirtbikehelmet_blue_001",
        "prod_dirtbikehelmet_police_001",
        "prod_dirtbikehelmet_green_001",
        "prod_dirtbikehelmet_chernarus_001",
        "prod_dirtbikehelmet_black_001",
        "prod_dirtbikehelmet_khaki_001",
        "prod_motohelmet_red_001",
        "prod_motohelmet_blue_001",
        "prod_motohelmet_white_001",
        "prod_motohelmet_lime_001",
        "prod_motohelmet_grey_001",
        "prod_motohelmet_black_001",
        "prod_motohelmet_green_001",
        "prod_darkmotohelmet_red_001",
        "prod_darkmotohelmet_blue_001",
        "prod_darkmotohelmet_white_001",
        "prod_darkmotohelmet_lime_001",
        "prod_darkmotohelmet_grey_001",
        "prod_darkmotohelmet_black_001",
        "prod_darkmotohelmet_green_001",
        "prod_tankerhelmet_001",
        "prod_greathelm_001",
        "prod_zsh3pilothelmet_001",
        "prod_firefightershelmet_yellow_001",
        "prod_firefightershelmet_red_001",
        "prod_firefightershelmet_white_001",
        "prod_mich2001helmet_001",
        "prod_gorkahelmetvisor_001",
        "prod_gorkahelmet_001",
        "prod_ssh68helmet_001",
        "prod_ballistichelmet_un_001",
        "prod_ballistichelmet_black_001",
        "prod_ballistichelmet_green_001"
    ]
}