{
    "categoryId": "cat_bags_001",
    "categoryName": "Bags",
    "icon": "",
    "isVisible": true,
    "licensesRequired": [],
    "productIds": [
        "prod_childbag_red_001",
        "prod_childbag_blue_001",
        "prod_childbag_green_001",
        "prod_drybag_yellow_001",
        "prod_drybag_orange_001",
        "prod_drybag_red_001",
        "prod_drybag_blue_001",
        "prod_drybag_black_001",
        "prod_drybag_green_001",
        "prod_taloonbag_orange_001",
        "prod_taloonbag_violet_001",
        "prod_taloonbag_blue_001",
        "prod_taloonbag_green_001",
        "prod_smershbag_001",
        "prod_waterproofbag_yellow_001",
        "prod_waterproofbag_orange_001",
        "prod_waterproofbag_green_001",
        "prod_assaultbag_black_001",
        "prod_assaultbag_green_001",
        "prod_assaultbag_ttsko_001",
        "prod_huntingbag_001",
        "prod_tortillabag_001",
        "prod_coyotebag_brown_001",
        "prod_coyotebag_green_001",
        "prod_mountainbag_orange_001",
        "prod_mountainbag_red_001",
        "prod_mountainbag_blue_001",
        "prod_mountainbag_green_001",
        "prod_alicebag_black_001",
        "prod_alicebag_green_001",
        "prod_alicebag_camo_001"
    ]
}