{
    "categoryId": "cat_snafusuppressors_001",
    "categoryName": "SNAFU Suppressors",
    "productIds": [
        "prod_gcgn_m1garand_supp_001",
        "prod_sr3_vikhr_supp_001",
        "prod_snafu_sr25_supp_001",
        "prod_snafu_normalized_suppressor_green_001",
        "prod_snafu_normalized_suppressor_black_001",
        "prod_snafu_standardized_suppressor_black_001",
        "prod_snafu_standardized_suppressor_green_001",
        "prod_snafu_lnormalized_suppressor_black_001",
        "prod_snafu_lnormalized_suppressor_green_001",
        "prod_snafu_lstandardized_suppressor_black_001",
        "prod_snafu_lstandardized_suppressor_green_001",
        "prod_snafuar15_spr_sil_001",
        "prod_snafuar15_spr_sqsil_001",
        "prod_snafukivaari_338_supp_001",
        "prod_snafu_408_suppressor_t_001",
        "prod_snafu_scarh_sil_tan_001",
        "prod_snafu_scarh_sil_black_001",
        "prod_snafugevar_suppressor_tan_001",
        "prod_snafugevar_suppressor_green_001",
        "prod_snafu_agram_suppressor_black_001",
        "prod_snafu_mpx_suppressor_black_001",
        "prod_snafu_spmod_001",
        "prod_snafu_heramuzzelf_001",
        "prod_snafu_muzzelff_001",
        "prod_snafu_sr3vikhr_supp_001",
        "prod_snafu_ak308muzzel_001",
        "prod_snafu_ak19muzzel_001",
        "prod_snafu_mk47muzzel_001"
    ],
    "isVisible": 1,
    "icon": "",
    "licensesRequired": []
}