{
    "categoryId": "cat_ammunition_001",
    "categoryName": "Ammunition",
    "icon": "",
    "isVisible": true,
    "licensesRequired": [],
    "productIds": [
        "prod_ammo_380_001",
        "prod_ammo_9x19_001",
        "prod_ammo_22_001",
        "prod_ammo_45acp_001",
        "prod_ammo_12gapellets_001",
        "prod_ammo_12gaslug_001",
        "prod_ammo_9x39_001",
        "prod_ammo_9x39ap_001",
        "prod_ammo_308win_001",
        "prod_ammo_545x39_001",
        "prod_ammo_556x45_001",
        "prod_ammo_762x39_001",
        "prod_ammo_762x54_001",
        "prod_ammo_556x45tracer_001",
        "prod_ammo_545x39tracer_001",
        "prod_ammo_308wintracer_001",
        "prod_ammo_762x39tracer_001",
        "prod_ammo_flare_001",
        "prod_ammo_flareblue_001",
        "prod_ammo_flaregreen_001",
        "prod_ammo_flarered_001",
        "prod_ammo_762x54tracer_001",
        "prod_ammobox_380_35rnd_001",
        "prod_ammobox_9x19_25rnd_001",
        "prod_ammobox_45acp_25rnd_001",
        "prod_ammobox_22_50rnd_001",
        "prod_ammobox_00buck_10rnd_001",
        "prod_ammobox_12gaslug_10rnd_001",
        "prod_ammobox_9x39_20rnd_001",
        "prod_ammobox_9x39ap_20rnd_001",
        "prod_ammobox_308win_20rnd_001",
        "prod_ammobox_545x39_20rnd_001",
        "prod_ammobox_556x45_20rnd_001",
        "prod_ammobox_762x39_20rnd_001",
        "prod_ammobox_762x54_20rnd_001",
        "prod_ammobox_308wintracer_20rnd_001",
        "prod_ammobox_545x39tracer_20rnd_001",
        "prod_ammobox_556x45tracer_20rnd_001",
        "prod_ammobox_762x39tracer_20rnd_001",
        "prod_ammobox_762x54tracer_20rnd_001"
    ]
}