{
    "categoryId": "cat_snafuattachments_001",
    "categoryName": "SNAFU Attachments",
    "productIds": [
        "prod_snafu_sks_bayonet_001",
        "prod_gcgn_m1garand_flashhider_001",
        "prod_gcgn_m1garand_bayonet_001",
        "prod_snafu_ak_mount_base_001",
        "prod_snafu_hunting_mount_base_001",
        "prod_snafu_mosin_mount_base_001",
        "prod_snafu_tacgripcolta2_tan_001",
        "prod_snafu_tacgripcolta2_od_001",
        "prod_snafu_tacgripcolta2_grey_001",
        "prod_snafu_tacgripcolta2_bk_001",
        "prod_snafu_gigripcolta2_001",
        "prod_snafuuniversallight_001",
        "prod_snafu_556_barrel10_001",
        "prod_snafu_556_barrel14_001",
        "prod_snafu_556_barrel14_dv_001",
        "prod_snafu_556_barrel16_001",
        "prod_snafu_pistolgripcolta2_001",
        "prod_snafu_peq1_laser_001"
    ],
    "isVisible": 1,
    "icon": "",
    "licensesRequired": []
}