{
    "categoryName": "SNAFU Weapons",
    "icon": "",
    "isVisible": true,
    "licensesRequired": [],
    "productIds": [
        "prod_aa12_gun_001",
        "prod_acr_gun_001",
        "prod_gcgn_hk416_001",
        "prod_gcgn_m1garand_001",
        "prod_gcgn_m4a1_001",
        "prod_gcgn_m249_001",
        "prod_hk416_gun_001",
        "prod_ia2_gun_001",
        "prod_m4_6933_gun_001",
        "prod_mk18_gun_001",
        "prod_scar_gun_001",
        "prod_sg550_gun_001",
        "prod_sn_auto_shotgun_001",
        "prod_sn_m870_001",
        "prod_snafu_adar_modular16_gun_001",
        "prod_snafu_aek545_gun_001",
        "prod_snafu_ak12a_001",
        "prod_snafu_ak19_001",
        "prod_snafu_ar15_modular16_gun_001",
        "prod_snafu_cali_gun_001",
        "prod_snafu_cz805_gun_001",
        "prod_snafu_lvoa556_gun_001",
        "prod_snafu_m1918a2_001",
        "prod_snafu_m4556_modular14_gun_001",
        "prod_snafu_m4556_modular16_gun_001",
        "prod_snafu_rpk16_black_001",
        "prod_snafu_rpk16_green_001",
        "prod_snafu_rpk16_tan_001",
        "prod_snafu_saint556_gun_001",
        "prod_snafu_tp82s_001",
        "prod_snafu_u100_001",
        "prod_snafuaug_001",
        "prod_snafuaug_bk_001",
        "prod_snafufamas_001",
        "prod_snafumarlin1895_001",
        "prod_snafumk12_001",
        "prod_snafusa80_001",
        "prod_snafusr3_vikhr_001",
        "prod_snafutar21_black_001",
        "prod_snafutar21_green_001",
        "prod_snafutar21_tan_001",
        "prod_spas12_gun_001",
        "prod_vr80_gun_001",
        "prod_gcgn_mp7_001",
        "prod_gcgn_vityaz_001",
        "prod_sn_glock19_001",
        "prod_sn_m9_001",
        "prod_sn_mp443_001",
        "prod_sn_springfield_001",
        "prod_sn_usp_001",
        "prod_snafu_agram_gun_001",
        "prod_snafu_fort12_gun_001",
        "prod_snafu_mp9_gun_001",
        "prod_snafu_mpx_gun_001",
        "prod_snafu_pdw_9mm_001",
        "prod_snafu_pdw_45acp_001",
        "prod_snafu_trenchgun_001",
        "prod_snafuaps_001",
        "prod_snafuchiapparhino_001",
        "prod_snafukh9_001",
        "prod_snafumagnum500_001",
        "prod_snafup90_001",
        "prod_snafusten_001",
        "prod_snafuswm629_001",
        "prod_snafuthompsonmk2_001",
        "prod_snafuuzi_001",
        "prod_snafuvector_9mm_gun_001",
        "prod_snafuvector_45acp_gun_001",
        "prod_tec9_gun_001"
    ],
    "categoryId": "cat_snafuweapons_001"
}