{
    "categoryId": "cat_shirts_001",
    "categoryName": "Shirts",
    "icon": "",
    "isVisible": true,
    "licensesRequired": [],
    "productIds": [
        "prod_tshirt_orangewhitestripes_001",
        "prod_tshirt_redblackstripes_001",
        "prod_tshirt_red_001",
        "prod_tshirt_blue_001",
        "prod_tshirt_white_001",
        "prod_tshirt_grey_001",
        "prod_tshirt_beige_001",
        "prod_tshirt_black_001",
        "prod_tshirt_green_001",
        "prod_telnyashkashirt_001",
        "prod_shirt_redcheck_001",
        "prod_shirt_bluecheckbright_001",
        "prod_shirt_bluecheck_001",
        "prod_shirt_whitecheck_001",
        "prod_shirt_planeblack_001",
        "prod_shirt_greencheck_001",
        "prod_blouse_violet_001",
        "prod_blouse_blue_001",
        "prod_blouse_white_001",
        "prod_blouse_green_001",
        "prod_medicalscrubsshirt_blue_001",
        "prod_medicalscrubsshirt_white_001",
        "prod_medicalscrubsshirt_green_001",
        "prod_chernarussportshirt_001",
        "prod_tacticalshirt_grey_001",
        "prod_tacticalshirt_tan_001",
        "prod_tacticalshirt_black_001",
        "prod_tacticalshirt_olive_001"
    ]
}