{
    "categoryId": "cat_pants_001",
    "categoryName": "Pants",
    "icon": "",
    "isVisible": true,
    "licensesRequired": [],
    "productIds": [
        "prod_medicalscrubspants_blue_001",
        "prod_medicalscrubspants_white_001",
        "prod_medicalscrubspants_green_001",
        "prod_tracksuitpants_red_001",
        "prod_tracksuitpants_lightblue_001",
        "prod_tracksuitpants_blue_001",
        "prod_tracksuitpants_black_001",
        "prod_tracksuitpants_green_001",
        "prod_prisonuniformpants_001",
        "prod_breeches_pink_001",
        "prod_breeches_red_001",
        "prod_breeches_blue_001",
        "prod_breeches_white_001",
        "prod_breeches_beetcheck_001",
        "prod_breeches_beige_001",
        "prod_breeches_browncheck_001",
        "prod_breeches_black_001",
        "prod_breeches_blackcheck_001",
        "prod_breeches_green_001",
        "prod_slackspants_blue_001",
        "prod_slackspants_white_001",
        "prod_slackspants_lightgrey_001",
        "prod_slackspants_darkgrey_001",
        "prod_slackspants_beige_001",
        "prod_slackspants_brown_001",
        "prod_slackspants_black_001",
        "prod_slackspants_khaki_001",
        "prod_canvaspantsmidi_red_001",
        "prod_canvaspantsmidi_violet_001",
        "prod_canvaspantsmidi_blue_001",
        "prod_canvaspantsmidi_grey_001",
        "prod_canvaspantsmidi_beige_001",
        "prod_canvaspants_red_001",
        "prod_canvaspants_violet_001",
        "prod_canvaspants_blue_001",
        "prod_canvaspants_grey_001",
        "prod_canvaspants_beige_001",
        "prod_jumpsuitpants_red_001",
        "prod_jumpsuitpants_blue_001",
        "prod_jumpsuitpants_grey_001",
        "prod_jumpsuitpants_green_001",
        "prod_policepants_001",
        "prod_paramedicpants_crimson_001",
        "prod_paramedicpants_blue_001",
        "prod_paramedicpants_green_001",
        "prod_firefighterspants_beige_001",
        "prod_firefighterspants_black_001",
        "prod_cargopants_blue_001",
        "prod_cargopants_grey_001",
        "prod_cargopants_beige_001",
        "prod_cargopants_black_001",
        "prod_cargopants_green_001",
        "prod_shortjeans_red_001",
        "prod_shortjeans_blue_001",
        "prod_shortjeans_darkblue_001",
        "prod_shortjeans_brown_001",
        "prod_shortjeans_black_001",
        "prod_shortjeans_green_001",
        "prod_jeans_blue_001",
        "prod_jeans_bluedark_001",
        "prod_jeans_grey_001",
        "prod_jeans_brown_001",
        "prod_jeans_black_001",
        "prod_jeans_green_001",
        "prod_ttskopants_001",
        "prod_bdupants_001",
        "prod_usmcpants_desert_001",
        "prod_usmcpants_woodland_001",
        "prod_policepantsorel_001",
        "prod_hunterpants_winter_001",
        "prod_hunterpants_brown_001",
        "prod_hunterpants_spring_001",
        "prod_hunterpants_autumn_001",
        "prod_hunterpants_summer_001",
        "prod_gorkapants_flat_001",
        "prod_gorkapants_pautrev_001",
        "prod_gorkapants_autumn_001",
        "prod_gorkapants_summer_001",
        "prod_nbcpantsgray_001"
    ]
}