{
    "categoryId": "cat_vehicle_parts_001",
    "categoryName": "Vehicle Parts",
    "icon": "",
    "isVisible": true,
    "licensesRequired": [],
    "productIds": [
        "prod_headlighth7_box_001",
        "prod_sparkplug_001",
        "prod_engineoil_001",
        "prod_carbattery_001",
        "prod_truckbattery_001",
        "prod_carradiator_001",
        "prod_tirerepairkit_001",
        "prod_hatchbackhood_001",
        "prod_hatchbackhood_blue_001",
        "prod_hatchbackhood_white_001",
        "prod_hatchbackhood_greenrust_001",
        "prod_hatchbackhood_bluerust_001",
        "prod_hatchbackhood_whiterust_001",
        "prod_hatchbacktrunk_001",
        "prod_hatchbacktrunk_blue_001",
        "prod_hatchbacktrunk_white_001",
        "prod_hatchbacktrunk_greenrust_001",
        "prod_hatchbacktrunk_bluerust_001",
        "prod_hatchbacktrunk_whiterust_001",
        "prod_hatchbackdoors_driver_001",
        "prod_hatchbackdoors_driver_blue_001",
        "prod_hatchbackdoors_driver_white_001",
        "prod_hatchbackdoors_driver_greenrust_001",
        "prod_hatchbackdoors_driver_bluerust_001",
        "prod_hatchbackdoors_driver_whiterust_001",
        "prod_hatchbackdoors_codriver_001",
        "prod_hatchbackdoors_codriver_blue_001",
        "prod_hatchbackdoors_codriver_white_001",
        "prod_hatchbackdoors_codriver_greenrust_001",
        "prod_hatchbackdoors_codriver_bluerust_001",
        "prod_hatchbackdoors_codriver_whiterust_001",
        "prod_hatchbackwheel_001",
        "prod_hatchback_02_hood_001",
        "prod_hatchback_02_hood_black_001",
        "prod_hatchback_02_hood_blue_001",
        "prod_hatchback_02_hood_redrust_001",
        "prod_hatchback_02_hood_blackrust_001",
        "prod_hatchback_02_hood_bluerust_001",
        "prod_hatchback_02_trunk_001",
        "prod_hatchback_02_trunk_black_001",
        "prod_hatchback_02_trunk_blue_001",
        "prod_hatchback_02_trunk_redrust_001",
        "prod_hatchback_02_trunk_blackrust_001",
        "prod_hatchback_02_trunk_bluerust_001",
        "prod_hatchback_02_door_1_1_001",
        "prod_hatchback_02_door_1_1_black_001",
        "prod_hatchback_02_door_1_1_blue_001",
        "prod_hatchback_02_door_1_1_redrust_001",
        "prod_hatchback_02_door_1_1_blackrust_001",
        "prod_hatchback_02_door_1_1_bluerust_001",
        "prod_hatchback_02_door_1_2_001",
        "prod_hatchback_02_door_1_2_black_001",
        "prod_hatchback_02_door_1_2_blue_001",
        "prod_hatchback_02_door_1_2_redrust_001",
        "prod_hatchback_02_door_1_2_blackrust_001",
        "prod_hatchback_02_door_1_2_bluerust_001",
        "prod_hatchback_02_door_2_1_001",
        "prod_hatchback_02_door_2_1_black_001",
        "prod_hatchback_02_door_2_1_blue_001",
        "prod_hatchback_02_door_2_1_redrust_001",
        "prod_hatchback_02_door_2_1_blackrust_001",
        "prod_hatchback_02_door_2_1_bluerust_001",
        "prod_hatchback_02_door_2_2_001",
        "prod_hatchback_02_door_2_2_black_001",
        "prod_hatchback_02_door_2_2_blue_001",
        "prod_hatchback_02_door_2_2_redrust_001",
        "prod_hatchback_02_door_2_2_blackrust_001",
        "prod_hatchback_02_door_2_2_bluerust_001",
        "prod_hatchback_02_wheel_001",
        "prod_sedan_02_hood_001",
        "prod_sedan_02_hood_red_001",
        "prod_sedan_02_hood_grey_001",
        "prod_sedan_02_hood_yellowrust_001",
        "prod_sedan_02_hood_redrust_001",
        "prod_sedan_02_hood_greyrust_001",
        "prod_sedan_02_trunk_001",
        "prod_sedan_02_trunk_red_001",
        "prod_sedan_02_trunk_grey_001",
        "prod_sedan_02_trunk_yellowrust_001",
        "prod_sedan_02_trunk_redrust_001",
        "prod_sedan_02_trunk_greyrust_001",
        "prod_sedan_02_door_1_1_001",
        "prod_sedan_02_door_1_1_red_001",
        "prod_sedan_02_door_1_1_grey_001",
        "prod_sedan_02_door_1_1_yellowrust_001",
        "prod_sedan_02_door_1_1_redrust_001",
        "prod_sedan_02_door_1_1_greyrust_001",
        "prod_sedan_02_door_1_2_001",
        "prod_sedan_02_door_1_2_red_001",
        "prod_sedan_02_door_1_2_grey_001",
        "prod_sedan_02_door_1_2_yellowrust_001",
        "prod_sedan_02_door_1_2_redrust_001",
        "prod_sedan_02_door_1_2_greyrust_001",
        "prod_sedan_02_door_2_1_001",
        "prod_sedan_02_door_2_1_red_001",
        "prod_sedan_02_door_2_1_grey_001",
        "prod_sedan_02_door_2_1_yellowrust_001",
        "prod_sedan_02_door_2_1_redrust_001",
        "prod_sedan_02_door_2_1_greyrust_001",
        "prod_sedan_02_door_2_2_001",
        "prod_sedan_02_door_2_2_red_001",
        "prod_sedan_02_door_2_2_grey_001",
        "prod_sedan_02_door_2_2_yellowrust_001",
        "prod_sedan_02_door_2_2_redrust_001",
        "prod_sedan_02_door_2_2_greyrust_001",
        "prod_sedan_02_wheel_001",
        "prod_civsedanhood_001",
        "prod_civsedanhood_wine_001",
        "prod_civsedanhood_black_001",
        "prod_civsedanhood_whiterust_001",
        "prod_civsedanhood_winerust_001",
        "prod_civsedanhood_blackrust_001",
        "prod_civsedantrunk_001",
        "prod_civsedantrunk_wine_001",
        "prod_civsedantrunk_black_001",
        "prod_civsedantrunk_whiterust_001",
        "prod_civsedantrunk_winerust_001",
        "prod_civsedantrunk_blackrust_001",
        "prod_civsedandoors_driver_001",
        "prod_civsedandoors_driver_wine_001",
        "prod_civsedandoors_driver_black_001",
        "prod_civsedandoors_driver_whiterust_001",
        "prod_civsedandoors_driver_winerust_001",
        "prod_civsedandoors_driver_blackrust_001",
        "prod_civsedandoors_codriver_001",
        "prod_civsedandoors_codriver_wine_001",
        "prod_civsedandoors_codriver_black_001",
        "prod_civsedandoors_codriver_whiterust_001",
        "prod_civsedandoors_codriver_winerust_001",
        "prod_civsedandoors_codriver_blackrust_001",
        "prod_civsedandoors_backleft_001",
        "prod_civsedandoors_backleft_wine_001",
        "prod_civsedandoors_backleft_black_001",
        "prod_civsedandoors_backleft_whiterust_001",
        "prod_civsedandoors_backleft_winerust_001",
        "prod_civsedandoors_backleft_blackrust_001",
        "prod_civsedandoors_backright_001",
        "prod_civsedandoors_backright_wine_001",
        "prod_civsedandoors_backright_black_001",
        "prod_civsedandoors_backright_whiterust_001",
        "prod_civsedandoors_backright_winerust_001",
        "prod_civsedandoors_backright_blackrust_001",
        "prod_civsedanwheel_001",
        "prod_truck_01_hood_001",
        "prod_truck_01_hood_blue_001",
        "prod_truck_01_hood_orange_001",
        "prod_truck_01_door_1_1_001",
        "prod_truck_01_door_1_1_blue_001",
        "prod_truck_01_door_1_1_orange_001",
        "prod_truck_01_door_2_1_001",
        "prod_truck_01_door_2_1_blue_001",
        "prod_truck_01_door_2_1_orange_001",
        "prod_truck_01_wheel_001",
        "prod_truck_01_wheeldouble_001"
    ]
}