{
    "categoryName": "SNAFU Weapons 2",
    "icon": "",
    "isVisible": true,
    "licensesRequired": [],
    "productIds": [
        "prod_gcgn_m110_black_001",
        "prod_gcgn_m110_green_001",
        "prod_gcgn_m110_tan_001",
        "prod_gcgn_vepr_001",
        "prod_snafu_ak103a_001",
        "prod_snafu_ar15sprbk_001",
        "prod_snafu_ar15sprtan_001",
        "prod_snafu_frf2_001",
        "prod_snafu_kac_gun_001",
        "prod_snafu_m14_001",
        "prod_snafu_m48_001",
        "prod_snafu_m76_001",
        "prod_snafu_m4300ac_10_gun_001",
        "prod_snafu_m4300ac_14_gun_001",
        "prod_snafu_m4300ac_14dv_gun_001",
        "prod_snafu_m4300ac_16_gun_001",
        "prod_snafu_mk4710gun_001",
        "prod_snafu_mk4716gun_001",
        "prod_snafu_saint_gun_001",
        "prod_snafu_sks_001",
        "prod_snafu_sr25_gun_001",
        "prod_snafuhoneybadger_black_001",
        "prod_snafuhoneybadger_tan_001",
        "prod_snafuppsh_001",
        "prod_snafuppskn_001",
        "prod_snafurpd_001",
        "prod_snafu_scarh_black_gun_001",
        "prod_snafu_scarh_dkmc_gun_001",
        "prod_snafu_scarh_od_gun_001",
        "prod_snafu_scarh_snow_gun_001",
        "prod_snafu_scarh_tan_gun_001",
        "prod_snafu_pkp_black_gun_001",
        "prod_snafu_pkp_nblack_gun_001",
        "prod_snafum24_gun_001",
        "prod_snafu_awm_gun_001",
        "prod_snafum98b_atac_gun_001",
        "prod_snafum98b_digi_gun_001",
        "prod_snafum98b_ger_gun_001",
        "prod_snafum98b_mc_gun_001",
        "prod_snafut5000_dkmcc_gun_001",
        "prod_snafut5000_snow_gun_001",
        "prod_snafut5000_wood_gun_001",
        "prod_snafum98b_snow_gun_001",
        "prod_snafum98b_wood_gun_001",
        "prod_snafusrsa2_001",
        "prod_snafutac21_001",
        "prod_snafudvl10m2_001",
        "prod_snafu_mar10_black_gun_001",
        "prod_snafugevar_grey_001",
        "prod_snafugevar_black_001",
        "prod_snafugevar_green_001",
        "prod_snafugevar_tan_001",
        "prod_snafukivaari_black_gun_001",
        "prod_snafukivaari_tan_gun_001",
        "prod_snafukivaari_grey_gun_001",
        "prod_snafukivaari_snow_gun_001",
        "prod_snafu_m300bk_001",
        "prod_snafu_m300tan_001",
        "prod_snafu_m300green_001",
        "prod_gcgn_m200_001",
        "prod_snafu_m200green_001",
        "prod_snafu_m200snow_001",
        "prod_gcgn_m200_tan_001",
        "prod_snafum96_001",
        "prod_snafugm6lynx_001",
        "prod_gcgn_m82_barret_001",
        "prod_snafuax50_gun_001",
        "prod_snafu_as50_gun_001",
        "prod_snafuash12_001",
        "prod_snafuvssk_001",
        "prod_snafualligator_001"
    ],
    "categoryId": "cat_snafuweapons2_001"
}