{
    "categoryId": "cat_hats_&_caps_001",
    "categoryName": "Hats & Caps",
    "icon": "",
    "isVisible": true,
    "licensesRequired": [],
    "productIds": [
        "prod_medicalscrubshat_blue_001",
        "prod_medicalscrubshat_white_001",
        "prod_medicalscrubshat_green_001",
        "prod_bandana_polkapattern_001",
        "prod_bandana_redpattern_001",
        "prod_bandana_blackpattern_001",
        "prod_bandana_greenpattern_001",
        "prod_bandana_camopattern_001",
        "prod_baseballcap_cmmg_pink_001",
        "prod_baseballcap_pink_001",
        "prod_baseballcap_red_001",
        "prod_baseballcap_blue_001",
        "prod_baseballcap_beige_001",
        "prod_baseballcap_cmmg_black_001",
        "prod_baseballcap_black_001",
        "prod_baseballcap_olive_001",
        "prod_baseballcap_camo_001",
        "prod_prisonercap_001",
        "prod_booniehat_orange_001",
        "prod_booniehat_red_001",
        "prod_booniehat_blue_001",
        "prod_booniehat_navyblue_001",
        "prod_booniehat_black_001",
        "prod_booniehat_tan_001",
        "prod_booniehat_olive_001",
        "prod_booniehat_dpm_001",
        "prod_booniehat_dubok_001",
        "prod_booniehat_flecktran_001",
        "prod_cowboyhat_brown_001",
        "prod_cowboyhat_darkbrown_001",
        "prod_cowboyhat_black_001",
        "prod_cowboyhat_green_001",
        "prod_pilotkacap_001",
        "prod_officerhat_001",
        "prod_policecap_001",
        "prod_militaryberet_chdkz_001",
        "prod_militaryberet_red_001",
        "prod_militaryberet_un_001",
        "prod_militaryberet_cdf_001",
        "prod_militaryberet_nz_001",
        "prod_beaniehat_pink_001",
        "prod_beaniehat_red_001",
        "prod_beaniehat_blue_001",
        "prod_beaniehat_grey_001",
        "prod_beaniehat_beige_001",
        "prod_beaniehat_brown_001",
        "prod_beaniehat_black_001",
        "prod_beaniehat_green_001",
        "prod_flatcap_red_001",
        "prod_flatcap_blue_001",
        "prod_flatcap_browncheck_001",
        "prod_flatcap_greycheck_001",
        "prod_flatcap_grey_001",
        "prod_flatcap_brown_001",
        "prod_flatcap_black_001",
        "prod_flatcap_blackcheck_001",
        "prod_zmijovkacap_red_001",
        "prod_zmijovkacap_blue_001",
        "prod_zmijovkacap_brown_001",
        "prod_zmijovkacap_black_001",
        "prod_zmijovkacap_green_001",
        "prod_radarcap_red_001",
        "prod_radarcap_blue_001",
        "prod_radarcap_brown_001",
        "prod_radarcap_black_001",
        "prod_radarcap_green_001",
        "prod_ushanka_blue_001",
        "prod_ushanka_black_001",
        "prod_ushanka_green_001",
        "prod_nbchoodgray_001"
    ]
}