{
    "categoryId": "cat_snafuhandguards_001",
    "categoryName": "SNAFU HandGuards",
    "productIds": [
        "prod_snafu_gadar_001",
        "prod_snafu_hg625_001",
        "prod_snafu_hggs_001",
        "prod_snafu_mcmr07_001",
        "prod_snafu_mcmr08_001",
        "prod_snafu_mcmr09_001",
        "prod_snafu_mcmr10_001",
        "prod_snafu_mcmr13_001",
        "prod_snafu_mcmr15_001",
        "prod_snafu_hgmlok_001",
        "prod_snafu_hgmlok_tan_001",
        "prod_snafu_mk7_001",
        "prod_snafu_mk9_001",
        "prod_snafu_mk10_001",
        "prod_snafu_mk13_001",
        "prod_snafu_mk15_001",
        "prod_snafu_lvoahg_001",
        "prod_snafu_mk47hg_001",
        "prod_snafu_sr3hg_001",
        "prod_snafu_ak_hg_001",
        "prod_snafu_m249hg_001"
    ],
    "isVisible": 1,
    "icon": "",
    "licensesRequired": []
}