{
    "categoryId": "cat_hardware_supplies_001",
    "categoryName": "Hardware Supplies",
    "icon": "",
    "isVisible": true,
    "licensesRequired": [],
    "productIds": [
        "prod_paper_001",
        "prod_pen_blue_001",
        "prod_rope_001",
        "prod_tannedleather_001",
        "prod_antipestsspray_001",
        "prod_metalwire_001",
        "prod_epoxyputty_001",
        "prod_ducttape_001",
        "prod_xmaslights_001",
        "prod_handcuffkeys_001",
        "prod_handcuffs_001",
        "prod_netting_001",
        "prod_burlapsack_001",
        "prod_woodenplank_001",
        "prod_metalplate_001",
        "prod_smallprotectorcase_001",
        "prod_ammobox_001",
        "prod_smallgascanister_001",
        "prod_mediumgascanister_001",
        "prod_largegascanister_001",
        "prod_canistergasoline_001",
        "prod_nailbox_001",
        "prod_barbedwire_001",
        "prod_camonet_001",
        "prod_hescobox_001",
        "prod_combinationlock_001",
        "prod_combinationlock4_001",
        "prod_barrelholes_blue_001",
        "prod_barrelholes_green_001",
        "prod_barrelholes_red_001",
        "prod_barrelholes_yellow_001",
        "prod_barrel_blue_001",
        "prod_barrel_green_001",
        "prod_barrel_red_001",
        "prod_barrel_yellow_001",
        "prod_seachest_001",
        "prod_powergenerator_001",
        "prod_mediumtent_001",
        "prod_cartent_001",
        "prod_largetent_001"
    ]
}