{
    "categoryId": "cat_snafuscopes_001",
    "categoryName": "SNAFU Scopes",
    "productIds": [
        "prod_gcgn_m84_optic_001",
        "prod_snafu_huntingoptic_001",
        "prod_snafu_akhuntingoptic_001",
        "prod_snafu_hhuntingoptic_001",
        "prod_snafu_mhuntingoptic_001",
        "prod_snafu_m14optic_001",
        "prod_snafu_nightforce_001",
        "prod_snafu_aknightforce_001",
        "prod_snafu_hnightforce_001",
        "prod_snafu_mnightforce_001",
        "prod_snafu_leupold_mark8_001",
        "prod_snafu_akleupold_mark8_001",
        "prod_snafu_hleupold_mark8_001",
        "prod_snafu_mleupold_mark8_001",
        "prod_snafu_kahles_001",
        "prod_snafu_akkahles_001",
        "prod_snafu_hkahles_001",
        "prod_snafu_mkahles_001",
        "prod_snafu_aimpoint_aco_001",
        "prod_snafu_akaimpoint_aco_001",
        "prod_snafu_haimpoint_aco_001",
        "prod_snafu_maimpoint_aco_001",
        "prod_snafu_aimpoint_m5_001",
        "prod_snafu_akaimpoint_m5_001",
        "prod_snafu_haimpoint_m5_001",
        "prod_snafu_maimpoint_m5_001",
        "prod_snafu_elcan_001",
        "prod_snafu_akelcan_001",
        "prod_snafu_helcan_001",
        "prod_snafu_melcan_001",
        "prod_snafu_eotech_exps3_001",
        "prod_snafu_akeotech_exps3_001",
        "prod_snafu_heotech_exps3_001",
        "prod_snafu_meotech_exps3_001",
        "prod_snafu_trijicon_001",
        "prod_snafu_aktrijicon_001",
        "prod_snafu_trijicon_docter_001",
        "prod_snafu_aktrijicon_docter_001",
        "prod_snafu_htrijicon_001",
        "prod_snafu_htrijicon_docter_001",
        "prod_snafu_mtrijicon_001",
        "prod_snafu_mtrijicon_docter_001",
        "prod_snafu_walther_001",
        "prod_snafu_akwalther_001",
        "prod_snafu_hwalther_001",
        "prod_snafu_mwalther_001",
        "prod_snafu_docter_001",
        "prod_snafu_tango6t_black_001",
        "prod_snafu_tango6t_tan_001",
        "prod_snafu_tango6t_wood_001",
        "prod_snafu_tango6t_snow_001",
        "prod_snafu_aktango6t_black_001",
        "prod_snafu_aktango6t_tan_001",
        "prod_snafu_aktango6t_wood_001",
        "prod_snafu_aktango6t_snow_001",
        "prod_snafu_mtango6t_black_001",
        "prod_snafu_mtango6t_tan_001",
        "prod_snafu_mtango6t_wood_001",
        "prod_snafu_mtango6t_snow_001",
        "prod_snafu_kobra_001",
        "prod_snafu_ironmodoptic_001"
    ],
    "isVisible": 1,
    "icon": "",
    "licensesRequired": []
}