{
    "categoryId": "cat_magazines_001",
    "categoryName": "Magazines",
    "icon": "",
    "isVisible": true,
    "licensesRequired": [],
    "productIds": [
        "prod_mag_ij70_8rnd_001",
        "prod_mag_cz75_15rnd_001",
        "prod_mag_glock_15rnd_001",
        "prod_mag_mkii_10rnd_001",
        "prod_mag_1911_7rnd_001",
        "prod_mag_fnx45_15rnd_001",
        "prod_mag_cz527_5rnd_001",
        "prod_mag_cz61_20rnd_001",
        "prod_mag_ump_25rnd_001",
        "prod_mag_mp5_30rnd_001",
        "prod_mag_fal_20rnd_001",
        "prod_mag_saiga_5rnd_001",
        "prod_mag_saiga_8rnd_001",
        "prod_mag_saiga_drum20rnd_001",
        "prod_mag_akm_30rnd_001",
        "prod_mag_akm_palm30rnd_001",
        "prod_mag_akm_drum75rnd_001",
        "prod_mag_ak101_30rnd_001",
        "prod_mag_ak74_30rnd_001",
        "prod_mag_stanag_30rnd_001",
        "prod_mag_stanagcoupled_30rnd_001",
        "prod_mag_cmag_10rnd_001",
        "prod_mag_cmag_20rnd_001",
        "prod_mag_cmag_30rnd_001",
        "prod_mag_cmag_40rnd_001",
        "prod_mag_vss_10rnd_001",
        "prod_mag_svd_10rnd_001",
        "prod_mag_308winsnaploader_2rnd_001"
    ]
}