{
    "categoryId": "cat_snafumagazines_001",
    "categoryName": "SNAFU Magazines",
    "productIds": [
        "prod_snafuaps_20rdmag_001",
        "prod_sn_springfield_mag_001",
        "prod_sn_mp443_mag_001",
        "prod_sn_m9_mag_001",
        "prod_gcgn_vityaz_30rnd_001",
        "prod_tec9_mag_001",
        "prod_snafuvector_9mm_mag_001",
        "prod_snafu_mp9_30rnd_mag_001",
        "prod_snafu_fort12_12rnd_mag_001",
        "prod_snafu_mpx_30rnd_mag_001",
        "prod_snafu_agram_32rnd_mag_001",
        "prod_snafukh9_30rdmag_001",
        "prod_snafusten_32rdmag_001",
        "prod_snafu_pdw_9mm_mag_001",
        "prod_snafu_pdw_45acp_mag_001",
        "prod_snafuuzi_32rdmag_001",
        "prod_snafuuzi_72rdmag_001",
        "prod_sn_usp_mag_001",
        "prod_snafuvector_45acp_mag_001",
        "prod_snafuthompsonmk2_30rdmag_001",
        "prod_gcgn_mp7_40rnd_001",
        "prod_snafup90_50rdmag_001",
        "prod_sn_auto_shotgun_mag_001",
        "prod_vr80_magazine_5rd_001",
        "prod_vr80_magazine_10rd_001",
        "prod_aa12_mag_001",
        "prod_snafu_sr3vikhr_mag_001",
        "prod_snafu_m1918a2_mag_001",
        "prod_snafu_ak12_mag_001",
        "prod_snafu_rpk16_black_mag_001",
        "prod_snafu_rpk16_green_mag_001",
        "prod_snafu_rpk16_tan_mag_001",
        "prod_snafu_u100_mag_001",
        "prod_snafu_pmag556_black_001",
        "prod_snafu_pmag556_grey_001",
        "prod_snafu_pmag556_od_001",
        "prod_snafu_pmag556_tan_001",
        "prod_snafu_bmag556_black_001",
        "prod_snafu_bmag556_tan_001",
        "prod_snafu_cmag30556_black_001",
        "prod_snafu_cmag30556_tan_001",
        "prod_snafu_cmag40556_black_001",
        "prod_snafu_cmag40556_tan_001",
        "prod_snafu_cmag60556_black_001",
        "prod_snafu_cmag60556_tan_001",
        "prod_gcgn_hk416_mag_001",
        "prod_snafu_cmag30300_black_001",
        "prod_snafu_cmag30300_tan_001",
        "prod_snafu_cmag40300_black_001",
        "prod_snafu_cmag40300_tan_001",
        "prod_snafu_cmag60300_black_001",
        "prod_snafu_cmag60300_tan_001",
        "prod_snafu_bmag300_tan_001",
        "prod_snafu_bmag300_black_001",
        "prod_sg550_mag_001",
        "prod_snafuaug_30rdmag_001",
        "prod_snafumk12_20rdmag_001",
        "prod_gcgn_m249_mag_001",
        "prod_snafu_kac_mag_001",
        "prod_snafuhoneybadger_30rdmag_black_001",
        "prod_snafuhoneybadger_30rdmag_tan_001",
        "prod_snafuar15_spr_30rnd_mag_001",
        "prod_snafuar15_spr_40rnd_mag_001",
        "prod_snafuar15_spr_60rnd_mag_001",
        "prod_snafuar15_spr_100rnd_mag_001",
        "prod_snafuppsh_71rdmag_001",
        "prod_snafu_sks_10rnd_mag_001",
        "prod_snafu_sks_30rnd_mag_001",
        "prod_gcgn_vepr_10rnd_001",
        "prod_snafuppskn_30rdmag_001",
        "prod_snafu_ak103_mag_001",
        "prod_snafurpd_100rdmag_001",
        "prod_snafu_m14_mag_001",
        "prod_snafu_m76_mag_001",
        "prod_snafu_frf2_mag_001",
        "prod_gcgn_m110_mag_001",
        "prod_snafu_sr25_mag_001",
        "prod_snafu_saint_mag_001",
        "prod_snafursass_mag_001",
        "prod_gcgn_m700_mag_001",
        "prod_snhk417_mag_001",
        "prod_modified_sa58_30rnd_bk_001",
        "prod_modified_sa58_30rnd_wbk_001",
        "prod_modified_sa58_30rnd_dt_001",
        "prod_sa58_drummag_001",
        "prod_sa58_30rnd_bk_001",
        "prod_sa58_30rnd_wbk_001",
        "prod_sa58_30rnd_dt_001",
        "prod_gcgn_mag_fal_50rnd_001",
        "prod_snafum1a_20rdmag_001",
        "prod_snafu_ak308_mag_001",
        "prod_snafu_scarh_25rnd_mag_bk_001",
        "prod_snafu_scarh_25rnd_mag_dkmc_001",
        "prod_snafu_scarh_25rnd_mag_od_001",
        "prod_snafu_scarh_25rnd_mag_snow_001",
        "prod_snafu_scarh_25rnd_mag_tan_001",
        "prod_snafu_scarh_100rnd_mag_black_001",
        "prod_snafu_scarh_100rnd_mag_tan_001",
        "prod_snafu_pkp_250rnd_mag_001",
        "prod_snafum24_mag_001",
        "prod_snafu_awm_mag_001",
        "prod_snafum98b_mag_001",
        "prod_snafut5000_mag_001",
        "prod_snafusrsa2_10rdmag_001",
        "prod_snafutac21_5rdmag_001",
        "prod_snafudvl10m2_5rdmag_001",
        "prod_snafu_mar10_15rnd_mag_001",
        "prod_snafugevar_10rdmag_001",
        "prod_snafukivaari_10rdmag_001",
        "prod_snafukivaari_25rdmag_001",
        "prod_snafu_m300mag_001",
        "prod_gcgn_m200_mag_001",
        "prod_snafum96_5rdmag_001",
        "prod_snafugm6lynx_5rdmag_001",
        "prod_gcgn_m82_mag_001",
        "prod_snafuax50_mag_001",
        "prod_snafu_as50_mag_001",
        "prod_snafuash12_20rdmag_001",
        "prod_snafualligator_5rdmag_001"
    ],
    "isVisible": 1,
    "icon": "",
    "licensesRequired": []
}