{
    "categoryId": "cat_shoes_&_boots_001",
    "categoryName": "Shoes & Boots",
    "icon": "",
    "isVisible": true,
    "licensesRequired": [],
    "productIds": [
        "prod_athleticshoes_blue_001",
        "prod_athleticshoes_grey_001",
        "prod_athleticshoes_brown_001",
        "prod_athleticshoes_black_001",
        "prod_athleticshoes_green_001",
        "prod_joggingshoes_violet_001",
        "prod_joggingshoes_red_001",
        "prod_joggingshoes_blue_001",
        "prod_joggingshoes_white_001",
        "prod_joggingshoes_black_001",
        "prod_sneakers_red_001",
        "prod_sneakers_white_001",
        "prod_sneakers_gray_001",
        "prod_sneakers_black_001",
        "prod_sneakers_green_001",
        "prod_dressshoes_white_001",
        "prod_dressshoes_brown_001",
        "prod_dressshoes_black_001",
        "prod_dressshoes_beige_001",
        "prod_dressshoes_sunburst_001",
        "prod_hikingbootslow_blue_001",
        "prod_hikingbootslow_grey_001",
        "prod_hikingbootslow_beige_001",
        "prod_hikingbootslow_black_001",
        "prod_workingboots_yellow_001",
        "prod_workingboots_grey_001",
        "prod_workingboots_beige_001",
        "prod_workingboots_brown_001",
        "prod_workingboots_green_001",
        "prod_hikingboots_brown_001",
        "prod_hikingboots_black_001",
        "prod_combatboots_grey_001",
        "prod_combatboots_beige_001",
        "prod_combatboots_brown_001",
        "prod_combatboots_black_001",
        "prod_combatboots_green_001",
        "prod_jungleboots_beige_001",
        "prod_jungleboots_brown_001",
        "prod_jungleboots_black_001",
        "prod_jungleboots_olive_001",
        "prod_jungleboots_green_001",
        "prod_wellies_grey_001",
        "prod_wellies_brown_001",
        "prod_wellies_black_001",
        "prod_wellies_green_001",
        "prod_ttskoboots_001",
        "prod_militaryboots_redpunk_001",
        "prod_militaryboots_bluerock_001",
        "prod_militaryboots_beige_001",
        "prod_militaryboots_brown_001",
        "prod_militaryboots_black_001",
        "prod_nbcbootsgray_001"
    ]
}