{
    "categoryId": "cat_jackets_&_coats_001",
    "categoryName": "Jackets & Coats",
    "icon": "",
    "isVisible": true,
    "licensesRequired": [],
    "productIds": [
        "prod_labcoat_001",
        "prod_tracksuitjacket_red_001",
        "prod_tracksuitjacket_lightblue_001",
        "prod_tracksuitjacket_blue_001",
        "prod_tracksuitjacket_black_001",
        "prod_tracksuitjacket_green_001",
        "prod_denimjacket_001",
        "prod_mansuit_blue_001",
        "prod_mansuit_white_001",
        "prod_mansuit_lightgrey_001",
        "prod_mansuit_darkgrey_001",
        "prod_mansuit_beige_001",
        "prod_mansuit_brown_001",
        "prod_mansuit_black_001",
        "prod_mansuit_khaki_001",
        "prod_womansuit_blue_001",
        "prod_womansuit_white_001",
        "prod_womansuit_lightgrey_001",
        "prod_womansuit_darkgrey_001",
        "prod_womansuit_beige_001",
        "prod_womansuit_brown_001",
        "prod_womansuit_black_001",
        "prod_womansuit_khaki_001",
        "prod_woolcoat_red_001",
        "prod_woolcoat_redcheck_001",
        "prod_woolcoat_blue_001",
        "prod_woolcoat_bluecheck_001",
        "prod_woolcoat_greycheck_001",
        "prod_woolcoat_browncheck_001",
        "prod_woolcoat_beige_001",
        "prod_woolcoat_black_001",
        "prod_woolcoat_blackcheck_001",
        "prod_woolcoat_green_001",
        "prod_ridersjacket_black_001",
        "prod_firefighterjacket_beige_001",
        "prod_firefighterjacket_black_001",
        "prod_jumpsuitjacket_red_001",
        "prod_jumpsuitjacket_blue_001",
        "prod_jumpsuitjacket_gray_001",
        "prod_jumpsuitjacket_green_001",
        "prod_bomberjacket_maroon_001",
        "prod_bomberjacket_skyblue_001",
        "prod_bomberjacket_blue_001",
        "prod_bomberjacket_grey_001",
        "prod_bomberjacket_brown_001",
        "prod_bomberjacket_black_001",
        "prod_bomberjacket_olive_001",
        "prod_quiltedjacket_orange_001",
        "prod_quiltedjacket_yellow_001",
        "prod_quiltedjacket_red_001",
        "prod_quiltedjacket_violet_001",
        "prod_quiltedjacket_blue_001",
        "prod_quiltedjacket_grey_001",
        "prod_quiltedjacket_black_001",
        "prod_quiltedjacket_green_001",
        "prod_prisonuniformjacket_001",
        "prod_policejacketorel_001",
        "prod_policejacket_001",
        "prod_paramedicjacket_crimson_001",
        "prod_paramedicjacket_blue_001",
        "prod_paramedicjacket_green_001",
        "prod_hikingjacket_red_001",
        "prod_hikingjacket_blue_001",
        "prod_hikingjacket_black_001",
        "prod_hikingjacket_green_001",
        "prod_raincoat_pink_001",
        "prod_raincoat_orange_001",
        "prod_raincoat_yellow_001",
        "prod_raincoat_red_001",
        "prod_raincoat_blue_001",
        "prod_raincoat_black_001",
        "prod_raincoat_green_001",
        "prod_ttskojacket_camo_001",
        "prod_bdujacket_001",
        "prod_huntingjacket_winter_001",
        "prod_huntingjacket_brown_001",
        "prod_huntingjacket_autumn_001",
        "prod_huntingjacket_spring_001",
        "prod_huntingjacket_summer_001",
        "prod_m65jacket_tan_001",
        "prod_m65jacket_black_001",
        "prod_m65jacket_khaki_001",
        "prod_m65jacket_olive_001",
        "prod_gorkaejacket_autumn_001",
        "prod_gorkaejacket_flat_001",
        "prod_gorkaejacket_pautrev_001",
        "prod_gorkaejacket_summer_001",
        "prod_usmcjacket_desert_001",
        "prod_usmcjacket_woodland_001",
        "prod_nbcjacketgray_001"
    ]
}